{
  "inhibitorRatio": 0.671875,
  "spikeThreshold": 0.5625,
  "restingPotential": -0.5,
  "spikeProfile": [
    0.0,
    0.1953125,
    0.4375,
    0.640625,
    0.796875,
    1.0,
    1.0,
    0.8515625,
    1.0,
    1.0,
    1.0
  ],
  "numInputs": 5,
  "numOutputs": 5,
  "dimensions": [
    5,
    5,
    5
  ]
}