{
  "connectivityFactor": 0.59375,
  "inhibitorRatio": 0.40625,
  "spikeThreshold": 0.40625,
  "transmissionFactor": 0.78125,
  "restingPotential": 0.484375,
  "spikeProfile": [
    0.0,
    -0.234375,
    -0.4609375,
    -0.7109375,
    -0.90625,
    -1.0,
    -0.9609375,
    -1.0,
    -1.0,
    -0.8203125,
    -0.578125
  ],
  "numInputs": 5,
  "numOutputs": 5,
  "dimensions": [
    8,
    8
  ]
}