{
  "connectivityFactor": 0.859375,
  "inhibitorRatio": 0.5,
  "spikeThreshold": 0.484375,
  "transmissionFactor": 0.953125,
  "restingPotential": -0.5,
  "spikeProfile": [
    0.203125,
    0.859375,
    0.90625,
    0.953125,
    0.96875,
    0.78125,
    0.984375,
    0.875,
    0.90625,
    0.953125
  ],
  "numInputs": 5,
  "numOutputs": 5,
  "dimensions": [
    10,
    10
  ]
}