{
  "inhibitorRatio": 0.203125,
  "spikeThreshold": 0.34375,
  "restingPotential": -0.5,
  "spikeProfile": [
    0.0,
    0.234375,
    0.46875,
    0.6796875,
    0.9140625,
    0.828125,
    0.921875,
    1.0,
    1.0,
    1.0,
    1.0
  ],
  "numInputs": 5,
  "numOutputs": 5,
  "dimensions": [
    5,
    5
  ]
}